episode,reward
1,68.0999999999997
2,26.800000000000253
3,43.50000000000049
4,52.40000000000062
1,45.40000000000052
