episode,reward
1,6.499999999999982
2,0.4000000000000017
